<?xml version="1.0" encoding="UTF-8"?>
<project>
  <pomVersion>3</pomVersion>
  <name>gtlibs</name>
  <id>gtlibs</id>
  <groupId>skunkworks</groupId>
  <currentVersion>1.0.0</currentVersion>

  <dependencies>
		<dependency>
			<groupId>gt2</groupId>
			<artifactId>main</artifactId>
			<version>2.1.1</version>
		</dependency>

		<dependency>
			<groupId>gt2</groupId>
			<artifactId>wms</artifactId>
			<version>2.1.1</version>
		</dependency>

 		<dependency>
      <groupId>gt2</groupId>
      <artifactId>wfs</artifactId>
      <version>2.1.1</version>
    </dependency>

 		<dependency>
      <groupId>gt2</groupId>
      <artifactId>catalog-core</artifactId>
      <version>2.1.1</version>
    </dependency>

 		<dependency>
      <groupId>gt2</groupId>
      <artifactId>catalog-wfs</artifactId>
      <version>2.1.1</version>
    </dependency>

 		<dependency>
      <groupId>gt2</groupId>
      <artifactId>catalog-wms</artifactId>
      <version>2.1.1</version>
    </dependency>

		<dependency>
			<id>JTS</id>
			<version>1.6</version>
		</dependency>

		<dependency>
			<id>geoapi</id>
			<version>2.0</version>
		</dependency>
  </dependencies>

  <build>
    <resources>
			<resource>
				<directory>${basedir}</directory>
				<includes>
					<include>lib/*.jar</include>
				</includes>
			</resource>
    </resources>
  </build>
</project>
